{"cameraMode":{"drawMode":0,"name":"Shaded","section":"Shading Mode"},"sceneLighting":true,"audioPlay":false,"sceneViewState":{"showFog":true,"showMaterialUpdate":false,"showSkybox":true,"showFlares":true,"showImageEffects":true,"showParticleSystems":true},"in2DMode":false,"pivot":{"x":-11.05671215057373,"y":-19.150768280029298,"z":18.29163932800293},"rotation":{"x":0.508768618106842,"y":-0.12715092301368714,"z":0.07684575766324997,"w":0.8482893109321594},"size":13.022601127624512,"orthographic":false}