{"cameraMode":{"drawMode":0,"name":"Shaded","section":"Shading Mode"},"sceneLighting":false,"audioPlay":false,"sceneViewState":{"showFog":true,"showMaterialUpdate":false,"showSkybox":false,"showFlares":true,"showImageEffects":true,"showParticleSystems":true},"in2DMode":false,"pivot":{"x":-9.273545265197754,"y":1.0740207433700562,"z":17.210342407226564},"rotation":{"x":0.40638428926467898,"y":0.5652766823768616,"z":-0.37443432211875918,"w":0.6128298044204712},"size":0.7047515511512756,"orthographic":false}